date,time,ecg
11/10/2017,10:16:52.729,238
11/10/2017,10:16:52.873,238
11/10/2017,10:16:52.891,240
11/10/2017,10:16:52.911,245
11/10/2017,10:16:52.921,245
11/10/2017,10:16:52.926,2
11/10/2017,10:16:52.937,4
11/10/2017,10:16:52.940,23
11/10/2017,10:16:52.942,33
11/10/2017,10:16:52.943,68
11/10/2017,10:16:52.945,66
11/10/2017,10:16:52.946,254
11/10/2017,10:16:52.946,242
11/10/2017,10:16:53.000,230
11/10/2017,10:16:53.059,230
11/10/2017,10:16:53.076,232
11/10/2017,10:16:53.078,236
11/10/2017,10:16:53.091,242
11/10/2017,10:16:53.093,241
11/10/2017,10:16:53.154,240
11/10/2017,10:16:53.156,239
11/10/2017,10:16:53.190,242
11/10/2017,10:16:53.191,243
11/10/2017,10:16:53.236,251
11/10/2017,10:16:53.237,7
11/10/2017,10:16:53.373,1
11/10/2017,10:16:53.375,248
11/10/2017,10:16:53.385,239
11/10/2017,10:16:53.386,240
11/10/2017,10:16:53.388,65
11/10/2017,10:16:53.390,67
11/10/2017,10:16:53.429,238
11/10/2017,10:16:53.430,242
11/10/2017,10:16:53.478,251
11/10/2017,10:16:53.481,254
11/10/2017,10:16:53.544,8
11/10/2017,10:16:53.545,10
11/10/2017,10:16:53.578,39
11/10/2017,10:16:53.579,50
11/10/2017,10:16:53.630,81
11/10/2017,10:16:53.631,84
11/10/2017,10:16:53.673,28
11/10/2017,10:16:53.674,9
11/10/2017,10:16:53.727,241
11/10/2017,10:16:53.728,239
11/10/2017,10:16:53.768,241
11/10/2017,10:16:53.823,241
11/10/2017,10:16:53.824,250
11/10/2017,10:16:53.825,250
11/10/2017,10:16:53.871,252
11/10/2017,10:16:53.874,254
11/10/2017,10:16:53.917,1
11/10/2017,10:16:53.919,253
11/10/2017,10:16:54.022,243
11/10/2017,10:16:54.023,248
11/10/2017,10:16:54.063,249
11/10/2017,10:16:54.065,247
11/10/2017,10:16:54.110,251
11/10/2017,10:16:54.116,7
11/10/2017,10:16:54.173,186
11/10/2017,10:16:54.175,220
11/10/2017,10:16:54.210,236
11/10/2017,10:16:54.213,243
11/10/2017,10:16:54.263,246
11/10/2017,10:16:54.264,246
11/10/2017,10:16:54.314,251
11/10/2017,10:16:54.316,0
11/10/2017,10:16:54.364,35
11/10/2017,10:16:54.366,46
11/10/2017,10:16:54.408,50
11/10/2017,10:16:54.410,38
11/10/2017,10:16:54.462,240
11/10/2017,10:16:54.463,239
11/10/2017,10:16:54.504,240
11/10/2017,10:16:54.686,247
11/10/2017,10:16:54.687,254
11/10/2017,10:16:54.690,6
11/10/2017,10:16:54.693,13
11/10/2017,10:16:54.694,14
11/10/2017,10:16:54.695,11
11/10/2017,10:16:54.700,8
11/10/2017,10:16:54.702,7
11/10/2017,10:16:54.754,24
11/10/2017,10:16:54.759,29
11/10/2017,10:16:54.797,13
11/10/2017,10:16:54.801,5
11/10/2017,10:16:54.846,2
11/10/2017,10:16:54.849,0
11/10/2017,10:16:54.895,66
11/10/2017,10:16:54.897,96
11/10/2017,10:16:54.941,251
11/10/2017,10:16:54.943,251
11/10/2017,10:16:54.990,4
11/10/2017,10:16:55.046,4
11/10/2017,10:16:55.049,10
11/10/2017,10:16:55.050,14
11/10/2017,10:16:55.085,37
11/10/2017,10:16:55.093,48
11/10/2017,10:16:55.142,91
11/10/2017,10:16:55.143,90
11/10/2017,10:16:55.185,38
11/10/2017,10:16:55.186,22
11/10/2017,10:16:55.235,251
11/10/2017,10:16:55.236,250
11/10/2017,10:16:55.294,246
11/10/2017,10:16:55.295,247
11/10/2017,10:16:55.370,249
11/10/2017,10:16:55.371,251
11/10/2017,10:16:55.383,1
11/10/2017,10:16:55.385,1
11/10/2017,10:16:55.435,7
11/10/2017,10:16:55.438,7
11/10/2017,10:16:55.475,9
11/10/2017,10:16:55.477,11
11/10/2017,10:16:55.525,28
11/10/2017,10:16:55.528,40
11/10/2017,10:16:55.578,30
11/10/2017,10:16:55.583,19
11/10/2017,10:16:55.621,3
11/10/2017,10:16:55.623,2
11/10/2017,10:16:55.674,52
11/10/2017,10:16:55.675,92
11/10/2017,10:16:55.723,250
11/10/2017,10:16:55.725,253
11/10/2017,10:16:55.903,8
11/10/2017,10:16:55.904,7
11/10/2017,10:16:55.906,12
11/10/2017,10:16:55.910,16
11/10/2017,10:16:55.919,31
11/10/2017,10:16:55.920,40
11/10/2017,10:16:55.922,87
11/10/2017,10:16:55.924,91
11/10/2017,10:16:55.978,57
11/10/2017,10:16:55.979,34
11/10/2017,10:16:56.018,250
11/10/2017,10:16:56.019,248
11/10/2017,10:16:56.065,244
11/10/2017,10:16:56.067,245
11/10/2017,10:16:56.113,247
11/10/2017,10:16:56.118,249
11/10/2017,10:16:56.161,250
11/10/2017,10:16:56.162,250
11/10/2017,10:16:56.212,244
11/10/2017,10:16:56.213,243
11/10/2017,10:16:56.258,240
11/10/2017,10:16:56.260,238
11/10/2017,10:16:56.306,241
11/10/2017,10:16:56.308,242
11/10/2017,10:16:56.357,238
11/10/2017,10:16:56.364,238
11/10/2017,10:16:56.403,11
11/10/2017,10:16:56.404,8
11/10/2017,10:16:56.467,238
11/10/2017,10:16:56.469,239
11/10/2017,10:16:56.506,243
11/10/2017,10:16:56.509,13
11/10/2017,10:16:56.551,201
11/10/2017,10:16:56.552,237
11/10/2017,10:16:56.604,244
11/10/2017,10:16:56.605,244
11/10/2017,10:16:56.649,255
11/10/2017,10:16:56.651,2
11/10/2017,10:16:56.703,13
11/10/2017,10:16:56.712,17
11/10/2017,10:16:56.751,49
11/10/2017,10:16:56.754,61
11/10/2017,10:16:56.794,64
11/10/2017,10:16:56.795,45
11/10/2017,10:16:56.852,243
11/10/2017,10:16:56.854,239
11/10/2017,10:16:56.889,235
11/10/2017,10:16:56.890,234
11/10/2017,10:16:56.945,237
11/10/2017,10:16:56.947,237
11/10/2017,10:16:56.987,245
11/10/2017,10:16:56.988,244
11/10/2017,10:16:57.038,245
11/10/2017,10:16:57.043,246
11/10/2017,10:16:57.084,247
11/10/2017,10:16:57.086,248
11/10/2017,10:16:57.135,247
11/10/2017,10:16:57.136,249
11/10/2017,10:16:57.182,253
11/10/2017,10:16:57.183,253
11/10/2017,10:16:57.232,1
11/10/2017,10:16:57.234,2
11/10/2017,10:16:57.280,23
11/10/2017,10:16:57.282,22
11/10/2017,10:16:57.336,254
11/10/2017,10:16:57.337,253
11/10/2017,10:16:57.378,249
11/10/2017,10:16:57.379,252
11/10/2017,10:16:57.428,72
11/10/2017,10:16:57.429,206
11/10/2017,10:16:57.482,250
11/10/2017,10:16:57.483,253
11/10/2017,10:16:57.535,3
11/10/2017,10:16:57.536,3
11/10/2017,10:16:57.583,11
11/10/2017,10:16:57.584,13
11/10/2017,10:16:57.628,36
11/10/2017,10:16:57.629,45
11/10/2017,10:16:57.679,81
11/10/2017,10:16:57.680,79
11/10/2017,10:16:57.718,10
11/10/2017,10:16:57.721,252
11/10/2017,10:16:57.768,243
11/10/2017,10:16:57.769,242
11/10/2017,10:16:57.940,240
11/10/2017,10:16:57.941,240
11/10/2017,10:16:57.947,243
11/10/2017,10:16:57.948,245
11/10/2017,10:16:57.950,250
11/10/2017,10:16:57.951,253
11/10/2017,10:16:57.966,250
11/10/2017,10:16:57.972,250
11/10/2017,10:16:58.011,251
11/10/2017,10:16:58.013,251
11/10/2017,10:16:58.061,251
11/10/2017,10:16:58.062,250
11/10/2017,10:16:58.118,251
11/10/2017,10:16:58.123,251
11/10/2017,10:16:58.175,250
11/10/2017,10:16:58.176,249
11/10/2017,10:16:58.211,246
11/10/2017,10:16:58.212,251
11/10/2017,10:16:58.252,18
11/10/2017,10:16:58.304,14
11/10/2017,10:16:58.309,247
11/10/2017,10:16:58.310,245
11/10/2017,10:16:58.358,246
11/10/2017,10:16:58.360,248
11/10/2017,10:16:58.403,227
11/10/2017,10:16:58.405,194
11/10/2017,10:16:58.453,246
11/10/2017,10:16:58.454,247
11/10/2017,10:16:58.503,4
11/10/2017,10:16:58.504,4
11/10/2017,10:16:58.548,12
11/10/2017,10:16:58.549,18
11/10/2017,10:16:58.602,51
11/10/2017,10:16:58.647,64
11/10/2017,10:16:58.651,80
11/10/2017,10:16:58.696,6
11/10/2017,10:16:58.697,252
11/10/2017,10:16:58.773,240
11/10/2017,10:16:58.775,239
11/10/2017,10:16:58.947,238
11/10/2017,10:16:58.955,238
11/10/2017,10:16:58.956,246
11/10/2017,10:16:58.957,245
11/10/2017,10:16:58.958,249
11/10/2017,10:16:58.960,249
11/10/2017,10:16:58.961,249
11/10/2017,10:16:58.963,251
11/10/2017,10:16:58.989,254
11/10/2017,10:16:58.991,253
11/10/2017,10:16:59.366,255
11/10/2017,10:16:59.394,0
11/10/2017,10:16:59.417,2
11/10/2017,10:16:59.422,2
11/10/2017,10:16:59.429,5
11/10/2017,10:16:59.437,9
11/10/2017,10:16:59.439,31
11/10/2017,10:16:59.440,48
11/10/2017,10:16:59.444,36
11/10/2017,10:16:59.446,24
11/10/2017,10:16:59.448,19
11/10/2017,10:16:59.451,23
11/10/2017,10:16:59.453,116
11/10/2017,10:16:59.457,122
11/10/2017,10:16:59.458,20
11/10/2017,10:16:59.459,26
11/10/2017,10:16:59.460,38
11/10/2017,10:16:59.462,38
11/10/2017,10:16:59.474,43
11/10/2017,10:16:59.476,44
11/10/2017,10:16:59.530,55
11/10/2017,10:16:59.533,62
11/10/2017,10:16:59.574,107
11/10/2017,10:16:59.587,113
11/10/2017,10:16:59.628,81
11/10/2017,10:16:59.630,61
11/10/2017,10:16:59.673,30
11/10/2017,10:16:59.675,33
11/10/2017,10:16:59.718,40
11/10/2017,10:16:59.807,43
11/10/2017,10:16:59.821,60
11/10/2017,10:16:59.822,69
11/10/2017,10:16:59.823,71
11/10/2017,10:16:59.862,65
11/10/2017,10:16:59.916,63
11/10/2017,10:16:59.920,61
11/10/2017,10:16:59.921,57
11/10/2017,10:16:59.962,55
11/10/2017,10:16:59.969,58
11/10/2017,10:17:00.011,59
11/10/2017,10:17:00.059,58
11/10/2017,10:17:00.116,71
11/10/2017,10:17:00.120,36
11/10/2017,10:17:00.121,34
11/10/2017,10:17:00.155,29
11/10/2017,10:17:00.157,25
11/10/2017,10:17:00.206,87
11/10/2017,10:17:00.207,76
11/10/2017,10:17:00.255,9
11/10/2017,10:17:00.259,5
11/10/2017,10:17:00.307,0
11/10/2017,10:17:00.309,253
11/10/2017,10:17:00.364,254
11/10/2017,10:17:00.365,0
11/10/2017,10:17:00.400,6
11/10/2017,10:17:00.452,12
11/10/2017,10:17:00.454,44
11/10/2017,10:17:00.506,230
11/10/2017,10:17:00.508,217
11/10/2017,10:17:00.563,204
11/10/2017,10:17:00.564,202
11/10/2017,10:17:00.598,202
11/10/2017,10:17:00.599,202
11/10/2017,10:17:00.654,209
11/10/2017,10:17:00.656,210
11/10/2017,10:17:00.705,217
11/10/2017,10:17:00.707,216
11/10/2017,10:17:00.743,213
11/10/2017,10:17:00.744,216
11/10/2017,10:17:00.794,221
11/10/2017,10:17:00.795,222
11/10/2017,10:17:00.840,233
11/10/2017,10:17:00.841,240
11/10/2017,10:17:00.893,221
11/10/2017,10:17:00.895,219
11/10/2017,10:17:00.945,220
11/10/2017,10:17:00.948,231
11/10/2017,10:17:00.989,23
11/10/2017,10:17:00.990,197
11/10/2017,10:17:01.038,225
11/10/2017,10:17:01.039,227
11/10/2017,10:17:01.084,232
11/10/2017,10:17:01.085,233
11/10/2017,10:17:01.138,239
11/10/2017,10:17:01.139,241
11/10/2017,10:17:01.183,3
11/10/2017,10:17:01.184,15
11/10/2017,10:17:01.231,38
11/10/2017,10:17:01.233,27
11/10/2017,10:17:01.282,234
11/10/2017,10:17:01.284,228
11/10/2017,10:17:01.341,224
11/10/2017,10:17:01.342,225
11/10/2017,10:17:01.379,233
11/10/2017,10:17:01.383,234
11/10/2017,10:17:01.443,238
11/10/2017,10:17:01.449,240
11/10/2017,10:17:01.478,244
11/10/2017,10:17:01.480,245
11/10/2017,10:17:01.527,245
11/10/2017,10:17:01.535,246
11/10/2017,10:17:01.688,246
11/10/2017,10:17:01.693,239
11/10/2017,10:17:01.698,11
11/10/2017,10:17:01.699,18
11/10/2017,10:17:01.700,251
11/10/2017,10:17:01.701,252
11/10/2017,10:17:01.726,255
11/10/2017,10:17:01.728,18
11/10/2017,10:17:01.765,31
11/10/2017,10:17:01.766,218
11/10/2017,10:17:01.815,2
11/10/2017,10:17:01.817,4
11/10/2017,10:17:01.865,10
11/10/2017,10:17:01.866,11
11/10/2017,10:17:01.928,20
11/10/2017,10:17:01.930,22
11/10/2017,10:17:01.965,43
11/10/2017,10:17:01.966,51
11/10/2017,10:17:02.011,68
11/10/2017,10:17:02.013,61
11/10/2017,10:17:02.059,10
11/10/2017,10:17:02.060,6
11/10/2017,10:17:02.106,0
11/10/2017,10:17:02.107,255
11/10/2017,10:17:02.157,252
11/10/2017,10:17:02.158,251
11/10/2017,10:17:02.222,250
11/10/2017,10:17:02.235,251
11/10/2017,10:17:02.253,254
11/10/2017,10:17:02.254,251
11/10/2017,10:17:02.309,253
11/10/2017,10:17:02.311,249
11/10/2017,10:17:02.352,248
11/10/2017,10:17:02.353,243
11/10/2017,10:17:02.404,14
11/10/2017,10:17:02.405,11
11/10/2017,10:17:02.459,245
11/10/2017,10:17:02.461,246
11/10/2017,10:17:02.502,252
11/10/2017,10:17:02.503,27
11/10/2017,10:17:02.549,212
11/10/2017,10:17:02.549,206
11/10/2017,10:17:02.606,250
11/10/2017,10:17:02.607,252
11/10/2017,10:17:02.647,4
11/10/2017,10:17:02.648,4
11/10/2017,10:17:02.699,11
11/10/2017,10:17:02.700,14
11/10/2017,10:17:02.747,46
11/10/2017,10:17:02.748,58
11/10/2017,10:17:02.792,61
11/10/2017,10:17:02.793,47
11/10/2017,10:17:02.842,254
11/10/2017,10:17:02.843,253
11/10/2017,10:17:02.895,248
11/10/2017,10:17:02.898,249
11/10/2017,10:17:02.943,248
11/10/2017,10:17:02.946,251
11/10/2017,10:17:02.992,0
11/10/2017,10:17:02.993,1
11/10/2017,10:17:03.033,255
11/10/2017,10:17:03.034,255
11/10/2017,10:17:03.093,3
11/10/2017,10:17:03.097,3
11/10/2017,10:17:03.142,6
11/10/2017,10:17:03.143,254
11/10/2017,10:17:03.295,23
11/10/2017,10:17:03.304,30
11/10/2017,10:17:03.305,1
11/10/2017,10:17:03.306,2
11/10/2017,10:17:03.307,4
11/10/2017,10:17:03.308,18
11/10/2017,10:17:03.331,64
11/10/2017,10:17:03.332,208
11/10/2017,10:17:03.374,253
11/10/2017,10:17:03.379,254
11/10/2017,10:17:03.426,255
11/10/2017,10:17:03.428,255
11/10/2017,10:17:03.477,11
11/10/2017,10:17:03.478,12
11/10/2017,10:17:03.521,47
11/10/2017,10:17:03.522,59
11/10/2017,10:17:03.579,79
11/10/2017,10:17:03.580,65
11/10/2017,10:17:03.628,249
11/10/2017,10:17:03.634,243
11/10/2017,10:17:03.670,235
11/10/2017,10:17:03.671,234
11/10/2017,10:17:03.719,244
11/10/2017,10:17:03.721,243
11/10/2017,10:17:03.766,252
11/10/2017,10:17:03.768,253
11/10/2017,10:17:03.818,0
11/10/2017,10:17:03.819,255
11/10/2017,10:17:03.863,251
11/10/2017,10:17:03.865,252
11/10/2017,10:17:03.926,249
11/10/2017,10:17:03.928,242
11/10/2017,10:17:03.959,20
11/10/2017,10:17:04.022,16
11/10/2017,10:17:04.023,241
11/10/2017,10:17:04.024,241
11/10/2017,10:17:04.062,246
11/10/2017,10:17:04.063,15
11/10/2017,10:17:04.107,1
11/10/2017,10:17:04.108,174
11/10/2017,10:17:04.154,243
11/10/2017,10:17:04.210,246
11/10/2017,10:17:04.213,251
11/10/2017,10:17:04.214,251
11/10/2017,10:17:04.253,6
11/10/2017,10:17:04.264,11
11/10/2017,10:17:04.303,42
11/10/2017,10:17:04.304,55
11/10/2017,10:17:04.357,56
11/10/2017,10:17:04.359,38
11/10/2017,10:17:04.403,233
11/10/2017,10:17:04.406,227
11/10/2017,10:17:04.447,222
11/10/2017,10:17:04.451,222
11/10/2017,10:17:04.508,229
11/10/2017,10:17:04.509,233
11/10/2017,10:17:04.548,239
11/10/2017,10:17:04.549,239
11/10/2017,10:17:04.602,241
11/10/2017,10:17:04.603,240
11/10/2017,10:17:04.649,245
11/10/2017,10:17:04.711,245
11/10/2017,10:17:04.712,239
11/10/2017,10:17:04.742,8
11/10/2017,10:17:04.743,255
11/10/2017,10:17:04.801,246
11/10/2017,10:17:04.802,247
11/10/2017,10:17:04.845,69
11/10/2017,10:17:04.847,84
11/10/2017,10:17:04.895,226
11/10/2017,10:17:04.899,249
11/10/2017,10:17:04.938,255
11/10/2017,10:17:04.939,3
11/10/2017,10:17:04.990,13
11/10/2017,10:17:04.992,13
11/10/2017,10:17:05.034,29
11/10/2017,10:17:05.035,37
11/10/2017,10:17:05.096,81
11/10/2017,10:17:05.133,85
11/10/2017,10:17:05.137,37
11/10/2017,10:17:05.138,19
11/10/2017,10:17:05.183,231
11/10/2017,10:17:05.185,232
11/10/2017,10:17:05.234,240
11/10/2017,10:17:05.236,243
11/10/2017,10:17:05.287,252
11/10/2017,10:17:05.288,254
11/10/2017,10:17:05.327,254
11/10/2017,10:17:05.329,254
11/10/2017,10:17:05.377,255
11/10/2017,10:17:05.378,1
11/10/2017,10:17:05.429,248
11/10/2017,10:17:05.432,250
11/10/2017,10:17:05.483,22
11/10/2017,10:17:05.484,7
11/10/2017,10:17:05.522,244
11/10/2017,10:17:05.523,241
11/10/2017,10:17:05.573,11
11/10/2017,10:17:05.574,67
11/10/2017,10:17:05.619,211
11/10/2017,10:17:05.620,234
11/10/2017,10:17:05.665,244
11/10/2017,10:17:05.667,245
11/10/2017,10:17:05.721,1
11/10/2017,10:17:05.723,2
11/10/2017,10:17:05.770,23
11/10/2017,10:17:05.772,28
11/10/2017,10:17:05.829,81
11/10/2017,10:17:05.831,90
11/10/2017,10:17:05.866,74
11/10/2017,10:17:05.867,54
11/10/2017,10:17:05.911,0
11/10/2017,10:17:05.970,0
11/10/2017,10:17:05.980,251
11/10/2017,10:17:05.981,254
11/10/2017,10:17:06.010,7
11/10/2017,10:17:06.011,10
11/10/2017,10:17:06.058,13
11/10/2017,10:17:06.059,11
11/10/2017,10:17:06.105,11
11/10/2017,10:17:06.106,9
11/10/2017,10:17:06.157,6
11/10/2017,10:17:06.158,21
11/10/2017,10:17:06.215,26
11/10/2017,10:17:06.217,12
11/10/2017,10:17:06.254,1
11/10/2017,10:17:06.255,2
11/10/2017,10:17:06.313,94
11/10/2017,10:17:06.318,114
11/10/2017,10:17:06.352,253
11/10/2017,10:17:06.353,0
11/10/2017,10:17:06.404,9
11/10/2017,10:17:06.405,9
11/10/2017,10:17:06.446,15
11/10/2017,10:17:06.449,19
11/10/2017,10:17:06.498,38
11/10/2017,10:17:06.499,49
11/10/2017,10:17:06.676,97
11/10/2017,10:17:06.685,105
11/10/2017,10:17:06.688,54
11/10/2017,10:17:06.692,32
11/10/2017,10:17:06.697,250
11/10/2017,10:17:06.698,245
11/10/2017,10:17:06.700,247
11/10/2017,10:17:06.701,252
11/10/2017,10:17:06.738,0
11/10/2017,10:17:06.741,1
11/10/2017,10:17:06.786,1
11/10/2017,10:17:06.788,255
11/10/2017,10:17:06.834,249
11/10/2017,10:17:06.838,248
11/10/2017,10:17:06.887,245
11/10/2017,10:17:06.893,10
11/10/2017,10:17:06.933,2
11/10/2017,10:17:06.934,240
11/10/2017,10:17:06.984,227
11/10/2017,10:17:06.984,227
11/10/2017,10:17:07.032,59
11/10/2017,10:17:07.033,79
11/10/2017,10:17:07.085,222
11/10/2017,10:17:07.128,225
11/10/2017,10:17:07.138,239
11/10/2017,10:17:07.139,242
11/10/2017,10:17:07.181,254
11/10/2017,10:17:07.182,0
11/10/2017,10:17:07.238,17
11/10/2017,10:17:07.244,26
11/10/2017,10:17:07.276,73
11/10/2017,10:17:07.279,79
11/10/2017,10:17:07.442,33
11/10/2017,10:17:07.447,14
11/10/2017,10:17:07.450,233
11/10/2017,10:17:07.455,227
11/10/2017,10:17:07.456,226
11/10/2017,10:17:07.457,228
11/10/2017,10:17:07.474,235
11/10/2017,10:17:07.476,237
11/10/2017,10:17:07.519,237
11/10/2017,10:17:07.520,237
11/10/2017,10:17:07.575,238
11/10/2017,10:17:07.576,235
11/10/2017,10:17:07.613,234
11/10/2017,10:17:07.664,234
11/10/2017,10:17:07.666,228
11/10/2017,10:17:07.713,255
11/10/2017,10:17:07.722,247
11/10/2017,10:17:07.762,230
11/10/2017,10:17:07.763,228
11/10/2017,10:17:07.811,251
11/10/2017,10:17:07.812,55
11/10/2017,10:17:07.864,207
11/10/2017,10:17:07.866,227
11/10/2017,10:17:07.910,234
11/10/2017,10:17:07.910,237
11/10/2017,10:17:07.966,237
11/10/2017,10:17:07.968,241
11/10/2017,10:17:08.023,252
11/10/2017,10:17:08.026,2
11/10/2017,10:17:08.059,40
11/10/2017,10:17:08.066,51
11/10/2017,10:17:08.104,35
11/10/2017,10:17:08.114,14
11/10/2017,10:17:08.152,224
11/10/2017,10:17:08.153,219
11/10/2017,10:17:08.200,217
11/10/2017,10:17:08.201,218
11/10/2017,10:17:08.253,227
11/10/2017,10:17:08.257,227
11/10/2017,10:17:08.298,238
11/10/2017,10:17:08.299,238
11/10/2017,10:17:08.349,241
11/10/2017,10:17:08.353,241
11/10/2017,10:17:08.402,243
11/10/2017,10:17:08.403,246
11/10/2017,10:17:08.447,245
11/10/2017,10:17:08.448,241
11/10/2017,10:17:08.500,17
11/10/2017,10:17:08.502,16
11/10/2017,10:17:08.542,249
11/10/2017,10:17:08.543,250
11/10/2017,10:17:08.600,0
11/10/2017,10:17:08.603,21
11/10/2017,10:17:08.648,222
11/10/2017,10:17:08.650,0
11/10/2017,10:17:08.701,252
11/10/2017,10:17:08.702,255
11/10/2017,10:17:08.739,4
11/10/2017,10:17:08.740,9
11/10/2017,10:17:08.798,13
11/10/2017,10:17:08.800,18
11/10/2017,10:17:08.844,53
11/10/2017,10:17:08.846,65
11/10/2017,10:17:08.886,74
11/10/2017,10:17:08.888,59
11/10/2017,10:17:08.935,3
11/10/2017,10:17:08.936,0
11/10/2017,10:17:08.988,253
11/10/2017,10:17:08.990,252
11/10/2017,10:17:09.037,252
11/10/2017,10:17:09.039,249
11/10/2017,10:17:09.083,250
11/10/2017,10:17:09.137,250
11/10/2017,10:17:09.139,251
11/10/2017,10:17:09.181,248
11/10/2017,10:17:09.184,249
11/10/2017,10:17:09.228,251
11/10/2017,10:17:09.229,249
11/10/2017,10:17:09.280,249
11/10/2017,10:17:09.281,245
11/10/2017,10:17:09.327,22
11/10/2017,10:17:09.330,21
11/10/2017,10:17:09.376,248
11/10/2017,10:17:09.378,245
11/10/2017,10:17:09.422,245
11/10/2017,10:17:09.423,8
11/10/2017,10:17:09.475,185
11/10/2017,10:17:09.478,223
11/10/2017,10:17:09.520,253
11/10/2017,10:17:09.521,252
11/10/2017,10:17:09.567,6
11/10/2017,10:17:09.619,7
11/10/2017,10:17:09.634,19
11/10/2017,10:17:09.636,22
11/10/2017,10:17:09.668,56
11/10/2017,10:17:09.672,69
11/10/2017,10:17:09.713,88
11/10/2017,10:17:09.715,76
11/10/2017,10:17:09.768,13
11/10/2017,10:17:09.770,6
11/10/2017,10:17:09.819,254
11/10/2017,10:17:09.823,253
11/10/2017,10:17:09.863,248
11/10/2017,10:17:09.867,247
11/10/2017,10:17:09.905,2
11/10/2017,10:17:09.959,254
11/10/2017,10:17:09.961,254
11/10/2017,10:17:09.962,252
11/10/2017,10:17:10.012,250
11/10/2017,10:17:10.015,249
11/10/2017,10:17:10.063,253
11/10/2017,10:17:10.068,252
11/10/2017,10:17:10.104,254
11/10/2017,10:17:10.105,254
11/10/2017,10:17:10.153,253
11/10/2017,10:17:10.156,1
11/10/2017,10:17:10.202,23
11/10/2017,10:17:10.204,23
11/10/2017,10:17:10.248,2
11/10/2017,10:17:10.249,254
11/10/2017,10:17:10.305,251
11/10/2017,10:17:10.308,254
11/10/2017,10:17:10.346,72
11/10/2017,10:17:10.347,96
11/10/2017,10:17:10.398,245
11/10/2017,10:17:10.399,248
11/10/2017,10:17:10.444,0
11/10/2017,10:17:10.446,2
11/10/2017,10:17:10.499,11
11/10/2017,10:17:10.500,14
11/10/2017,10:17:10.543,35
11/10/2017,10:17:10.544,45
11/10/2017,10:17:10.588,88
11/10/2017,10:17:10.643,90
11/10/2017,10:17:10.646,27
11/10/2017,10:17:10.646,12
11/10/2017,10:17:10.695,242
11/10/2017,10:17:10.697,244
11/10/2017,10:17:10.739,237
11/10/2017,10:17:10.740,237
11/10/2017,10:17:10.793,240
11/10/2017,10:17:10.796,242
11/10/2017,10:17:10.841,247
11/10/2017,10:17:10.842,244
11/10/2017,10:17:10.886,247
11/10/2017,10:17:10.887,246
11/10/2017,10:17:10.942,247
11/10/2017,10:17:10.943,248
11/10/2017,10:17:11.123,250
11/10/2017,10:17:11.127,250
11/10/2017,10:17:11.157,250
11/10/2017,10:17:11.158,250
11/10/2017,10:17:11.159,3
11/10/2017,10:17:11.160,1
11/10/2017,10:17:11.160,246
11/10/2017,10:17:11.161,16
11/10/2017,10:17:11.178,11
11/10/2017,10:17:11.179,1
11/10/2017,10:17:11.226,245
11/10/2017,10:17:11.227,242
11/10/2017,10:17:11.276,69
11/10/2017,10:17:11.278,96
11/10/2017,10:17:11.334,233
11/10/2017,10:17:11.335,234
11/10/2017,10:17:11.372,254
11/10/2017,10:17:11.373,221
11/10/2017,10:17:11.420,13
11/10/2017,10:17:11.421,6
11/10/2017,10:17:11.468,31
11/10/2017,10:17:11.469,25
11/10/2017,10:17:11.518,58
11/10/2017,10:17:11.519,59
11/10/2017,10:17:11.567,45
11/10/2017,10:17:11.569,7
11/10/2017,10:17:11.620,212
11/10/2017,10:17:11.673,195
11/10/2017,10:17:11.674,201
11/10/2017,10:17:11.675,202
11/10/2017,10:17:11.710,217
11/10/2017,10:17:11.760,219
11/10/2017,10:17:11.761,214
11/10/2017,10:17:11.818,206
11/10/2017,10:17:11.819,182
11/10/2017,10:17:11.869,212
11/10/2017,10:17:11.870,226
11/10/2017,10:17:11.908,225
11/10/2017,10:17:11.909,216
11/10/2017,10:17:11.962,226
11/10/2017,10:17:11.964,241
11/10/2017,10:17:12.019,211
11/10/2017,10:17:12.020,221
11/10/2017,10:17:12.064,251
11/10/2017,10:17:12.066,247
11/10/2017,10:17:12.106,202
11/10/2017,10:17:12.108,214
11/10/2017,10:17:12.151,246
11/10/2017,10:17:12.152,250
11/10/2017,10:17:12.200,214
11/10/2017,10:17:12.201,232
11/10/2017,10:17:12.247,173
11/10/2017,10:17:12.262,8
11/10/2017,10:17:12.356,238
11/10/2017,10:17:12.360,242
11/10/2017,10:17:12.395,33
11/10/2017,10:17:12.396,43
11/10/2017,10:17:12.460,59
11/10/2017,10:17:12.463,51
11/10/2017,10:17:12.493,16
11/10/2017,10:17:12.494,13
11/10/2017,10:17:12.543,253
11/10/2017,10:17:12.544,253
11/10/2017,10:17:12.592,5
11/10/2017,10:17:12.593,8
11/10/2017,10:17:12.640,9
11/10/2017,10:17:12.641,14
11/10/2017,10:17:12.704,28
11/10/2017,10:17:12.711,32
11/10/2017,10:17:12.735,31
11/10/2017,10:17:12.737,21
11/10/2017,10:17:12.785,1
11/10/2017,10:17:12.786,1
11/10/2017,10:17:12.845,247
11/10/2017,10:17:12.848,249
11/10/2017,10:17:12.880,9
11/10/2017,10:17:12.934,252
11/10/2017,10:17:12.937,241
11/10/2017,10:17:12.938,238
11/10/2017,10:17:12.985,4
11/10/2017,10:17:12.996,45
11/10/2017,10:17:13.028,219
11/10/2017,10:17:13.029,227
11/10/2017,10:17:13.083,235
11/10/2017,10:17:13.085,239
11/10/2017,10:17:13.136,238
11/10/2017,10:17:13.143,238
11/10/2017,10:17:13.177,247
11/10/2017,10:17:13.178,1
11/10/2017,10:17:13.222,33
11/10/2017,10:17:13.223,50
11/10/2017,10:17:13.271,28
11/10/2017,10:17:13.277,12
11/10/2017,10:17:13.319,250
11/10/2017,10:17:13.321,242
11/10/2017,10:17:13.379,219
11/10/2017,10:17:13.381,221
11/10/2017,10:17:13.419,233
11/10/2017,10:17:13.420,241
11/10/2017,10:17:13.471,221
11/10/2017,10:17:13.471,232
11/10/2017,10:17:13.516,246
11/10/2017,10:17:13.517,244
11/10/2017,10:17:13.567,235
11/10/2017,10:17:13.569,237
11/10/2017,10:17:13.618,244
11/10/2017,10:17:13.619,254
11/10/2017,10:17:13.665,14
11/10/2017,10:17:13.666,15
11/10/2017,10:17:13.713,6
11/10/2017,10:17:13.714,4
11/10/2017,10:17:13.766,0
11/10/2017,10:17:13.769,6
11/10/2017,10:17:13.808,88
11/10/2017,10:17:13.809,41
11/10/2017,10:17:13.863,22
11/10/2017,10:17:13.877,23
11/10/2017,10:17:13.908,34
11/10/2017,10:17:13.911,32
11/10/2017,10:17:13.955,41
11/10/2017,10:17:13.956,44
11/10/2017,10:17:14.017,56
11/10/2017,10:17:14.019,68
11/10/2017,10:17:14.058,105
11/10/2017,10:17:14.065,106
11/10/2017,10:17:14.103,56
11/10/2017,10:17:14.104,40
11/10/2017,10:17:14.156,16
11/10/2017,10:17:14.157,15
11/10/2017,10:17:14.195,20
11/10/2017,10:17:14.204,20
11/10/2017,10:17:14.252,25
11/10/2017,10:17:14.253,30
11/10/2017,10:17:14.358,34
11/10/2017,10:17:14.359,35
11/10/2017,10:17:14.360,32
11/10/2017,10:17:14.361,26
11/10/2017,10:17:14.402,26
11/10/2017,10:17:14.403,27
11/10/2017,10:17:14.446,15
11/10/2017,10:17:14.503,20
11/10/2017,10:17:14.542,49
11/10/2017,10:17:14.543,21
11/10/2017,10:17:14.544,20
11/10/2017,10:17:14.593,36
11/10/2017,10:17:14.595,90
11/10/2017,10:17:14.649,222
11/10/2017,10:17:14.656,6
11/10/2017,10:17:14.690,8
11/10/2017,10:17:14.691,12
11/10/2017,10:17:14.735,14
11/10/2017,10:17:14.737,13
11/10/2017,10:17:14.786,18
11/10/2017,10:17:14.787,21
11/10/2017,10:17:14.838,68
11/10/2017,10:17:14.839,76
11/10/2017,10:17:14.883,64
11/10/2017,10:17:14.884,42
11/10/2017,10:17:14.931,247
11/10/2017,10:17:14.932,245
11/10/2017,10:17:14.984,240
11/10/2017,10:17:14.986,240
11/10/2017,10:17:15.033,244
11/10/2017,10:17:15.036,246
11/10/2017,10:17:15.090,248
11/10/2017,10:17:15.092,246
11/10/2017,10:17:15.125,238
11/10/2017,10:17:15.126,238
11/10/2017,10:17:15.183,234
11/10/2017,10:17:15.186,235
11/10/2017,10:17:15.222,229
11/10/2017,10:17:15.224,230
11/10/2017,10:17:15.271,5
11/10/2017,10:17:15.276,255
11/10/2017,10:17:15.319,239
11/10/2017,10:17:15.320,238
11/10/2017,10:17:15.377,6
11/10/2017,10:17:15.378,42
11/10/2017,10:17:15.418,199
11/10/2017,10:17:15.423,232
11/10/2017,10:17:15.465,248
11/10/2017,10:17:15.467,249
11/10/2017,10:17:15.521,252
11/10/2017,10:17:15.522,254
11/10/2017,10:17:15.571,6
11/10/2017,10:17:15.573,5
11/10/2017,10:17:15.615,45
11/10/2017,10:17:15.616,53
11/10/2017,10:17:15.674,47
11/10/2017,10:17:15.676,31
11/10/2017,10:17:15.711,241
11/10/2017,10:17:15.712,238
11/10/2017,10:17:15.759,238
11/10/2017,10:17:15.760,238
11/10/2017,10:17:15.813,239
11/10/2017,10:17:15.814,239
11/10/2017,10:17:15.854,244
11/10/2017,10:17:15.859,243
11/10/2017,10:17:15.910,244
11/10/2017,10:17:15.911,238
11/10/2017,10:17:15.950,240
11/10/2017,10:17:16.006,243
11/10/2017,10:17:16.008,3
11/10/2017,10:17:16.017,250
11/10/2017,10:17:16.053,243
11/10/2017,10:17:16.054,241
11/10/2017,10:17:16.106,14
11/10/2017,10:17:16.111,18
11/10/2017,10:17:16.157,250
11/10/2017,10:17:16.159,247
11/10/2017,10:17:16.202,249
11/10/2017,10:17:16.206,248
11/10/2017,10:17:16.398,252
11/10/2017,10:17:16.403,252
11/10/2017,10:17:16.407,2
11/10/2017,10:17:16.408,14
11/10/2017,10:17:16.411,46
11/10/2017,10:17:16.412,49
11/10/2017,10:17:16.414,24
11/10/2017,10:17:16.415,8
11/10/2017,10:17:16.446,236
11/10/2017,10:17:16.447,233
11/10/2017,10:17:16.492,226
11/10/2017,10:17:16.493,229
11/10/2017,10:17:16.540,231
11/10/2017,10:17:16.541,237
11/10/2017,10:17:16.604,236
11/10/2017,10:17:16.605,239
11/10/2017,10:17:16.646,239
11/10/2017,10:17:16.648,245
11/10/2017,10:17:16.703,246
11/10/2017,10:17:16.704,248
11/10/2017,10:17:16.734,9
11/10/2017,10:17:16.735,5
11/10/2017,10:17:16.789,253
11/10/2017,10:17:16.791,250
11/10/2017,10:17:16.882,23
11/10/2017,10:17:16.883,38
11/10/2017,10:17:16.884,6
11/10/2017,10:17:16.929,7
11/10/2017,10:17:16.930,5
11/10/2017,10:17:16.985,9
11/10/2017,10:17:16.986,12
11/10/2017,10:17:17.025,15
11/10/2017,10:17:17.026,21
11/10/2017,10:17:17.075,42
11/10/2017,10:17:17.126,44
11/10/2017,10:17:17.132,27
11/10/2017,10:17:17.173,243
11/10/2017,10:17:17.174,242
11/10/2017,10:17:17.235,245
11/10/2017,10:17:17.239,244
11/10/2017,10:17:17.272,251
11/10/2017,10:17:17.273,253
11/10/2017,10:17:17.325,252
11/10/2017,10:17:17.327,252
11/10/2017,10:17:17.374,251
11/10/2017,10:17:17.376,255
11/10/2017,10:17:17.417,0
11/10/2017,10:17:17.418,3
11/10/2017,10:17:17.481,3
11/10/2017,10:17:17.484,253
11/10/2017,10:17:17.513,3
11/10/2017,10:17:17.514,4
11/10/2017,10:17:17.570,252
11/10/2017,10:17:17.572,252
11/10/2017,10:17:17.629,14
11/10/2017,10:17:17.634,6
11/10/2017,10:17:17.661,249
11/10/2017,10:17:17.665,247
11/10/2017,10:17:17.707,24
11/10/2017,10:17:17.708,38
11/10/2017,10:17:17.755,227
11/10/2017,10:17:17.756,249
11/10/2017,10:17:17.809,251
11/10/2017,10:17:17.810,255
11/10/2017,10:17:17.855,4
11/10/2017,10:17:17.857,7
11/10/2017,10:17:17.902,13
11/10/2017,10:17:17.908,20
11/10/2017,10:17:17.959,47
11/10/2017,10:17:17.960,50
11/10/2017,10:17:18.007,42
11/10/2017,10:17:18.008,29
11/10/2017,10:17:18.057,255
11/10/2017,10:17:18.058,254
11/10/2017,10:17:18.109,2
11/10/2017,10:17:18.111,0
11/10/2017,10:17:18.152,2
11/10/2017,10:17:18.153,8
11/10/2017,10:17:18.193,8
11/10/2017,10:17:18.194,11
11/10/2017,10:17:18.248,5
11/10/2017,10:17:18.250,6
11/10/2017,10:17:18.294,251
11/10/2017,10:17:18.295,1
11/10/2017,10:17:18.346,7
11/10/2017,10:17:18.347,6
11/10/2017,10:17:18.396,23
11/10/2017,10:17:18.397,26
11/10/2017,10:17:18.446,6
11/10/2017,10:17:18.448,2
11/10/2017,10:17:18.494,2
11/10/2017,10:17:18.496,5
11/10/2017,10:17:18.538,52
11/10/2017,10:17:18.539,233
11/10/2017,10:17:18.593,251
11/10/2017,10:17:18.595,0
11/10/2017,10:17:18.648,9
11/10/2017,10:17:18.651,10
11/10/2017,10:17:18.683,14
11/10/2017,10:17:18.684,14
11/10/2017,10:17:18.736,30
11/10/2017,10:17:18.737,40
11/10/2017,10:17:18.786,57
11/10/2017,10:17:18.787,51
11/10/2017,10:17:18.833,8
11/10/2017,10:17:18.840,2
11/10/2017,10:17:18.881,253
11/10/2017,10:17:18.883,0
11/10/2017,10:17:18.927,252
11/10/2017,10:17:18.928,251
11/10/2017,10:17:18.977,1
11/10/2017,10:17:18.979,4
11/10/2017,10:17:19.033,8
11/10/2017,10:17:19.041,7
11/10/2017,10:17:19.073,5
11/10/2017,10:17:19.074,4
11/10/2017,10:17:19.130,18
11/10/2017,10:17:19.131,24
11/10/2017,10:17:19.178,4
11/10/2017,10:17:19.179,1
11/10/2017,10:17:19.227,4
11/10/2017,10:17:19.228,4
11/10/2017,10:17:19.267,55
11/10/2017,10:17:19.268,212
11/10/2017,10:17:19.318,255
11/10/2017,10:17:19.319,254
11/10/2017,10:17:19.371,7
11/10/2017,10:17:19.374,6
11/10/2017,10:17:19.436,16
11/10/2017,10:17:19.437,13
11/10/2017,10:17:19.461,33
11/10/2017,10:17:19.527,43
11/10/2017,10:17:19.529,72
11/10/2017,10:17:19.559,10
11/10/2017,10:17:19.561,0
11/10/2017,10:17:19.624,247
11/10/2017,10:17:19.626,248
11/10/2017,10:17:19.664,250
11/10/2017,10:17:19.667,252
11/10/2017,10:17:19.705,254
11/10/2017,10:17:19.708,0
11/10/2017,10:17:19.762,3
11/10/2017,10:17:19.764,4
11/10/2017,10:17:19.806,255
11/10/2017,10:17:19.807,254
11/10/2017,10:17:19.861,252
11/10/2017,10:17:19.862,255
11/10/2017,10:17:19.913,18
11/10/2017,10:17:19.915,6
11/10/2017,10:17:19.953,251
11/10/2017,10:17:19.954,249
11/10/2017,10:17:20.005,43
11/10/2017,10:17:20.006,58
11/10/2017,10:17:20.048,247
11/10/2017,10:17:20.049,245
11/10/2017,10:17:20.097,251
11/10/2017,10:17:20.099,252
11/10/2017,10:17:20.148,7
11/10/2017,10:17:20.150,6
11/10/2017,10:17:20.195,16
11/10/2017,10:17:20.197,22
11/10/2017,10:17:20.243,59
11/10/2017,10:17:20.244,66
11/10/2017,10:17:20.295,41
11/10/2017,10:17:20.297,22
11/10/2017,10:17:20.348,242
11/10/2017,10:17:20.349,243
11/10/2017,10:17:20.390,242
11/10/2017,10:17:20.391,241
11/10/2017,10:17:20.446,249
11/10/2017,10:17:20.544,254
11/10/2017,10:17:20.553,250
11/10/2017,10:17:20.559,251
11/10/2017,10:17:20.585,251
11/10/2017,10:17:20.586,253
11/10/2017,10:17:20.634,246
11/10/2017,10:17:20.635,6
11/10/2017,10:17:20.684,10
11/10/2017,10:17:20.685,0
11/10/2017,10:17:20.733,249
11/10/2017,10:17:20.734,247
11/10/2017,10:17:20.788,45
11/10/2017,10:17:20.789,65
11/10/2017,10:17:20.828,246
11/10/2017,10:17:20.830,247
11/10/2017,10:17:20.875,252
11/10/2017,10:17:20.876,254
11/10/2017,10:17:20.937,4
11/10/2017,10:17:20.938,6
11/10/2017,10:17:20.977,19
11/10/2017,10:17:20.978,22
11/10/2017,10:17:21.039,66
11/10/2017,10:17:21.041,71
11/10/2017,10:17:21.074,30
11/10/2017,10:17:21.076,18
11/10/2017,10:17:21.122,247
11/10/2017,10:17:21.123,242
11/10/2017,10:17:21.172,244
11/10/2017,10:17:21.173,249
11/10/2017,10:17:21.229,0
11/10/2017,10:17:21.230,255
11/10/2017,10:17:21.267,249
11/10/2017,10:17:21.269,251
11/10/2017,10:17:21.328,251
11/10/2017,10:17:21.334,251
11/10/2017,10:17:21.364,252
11/10/2017,10:17:21.365,253
11/10/2017,10:17:21.428,249
11/10/2017,10:17:21.432,243
11/10/2017,10:17:21.518,24
11/10/2017,10:17:21.529,21
11/10/2017,10:17:21.530,251
11/10/2017,10:17:21.562,251
11/10/2017,10:17:21.563,21
11/10/2017,10:17:21.614,204
11/10/2017,10:17:21.616,248
11/10/2017,10:17:21.654,255
11/10/2017,10:17:21.707,255
11/10/2017,10:17:21.719,5
11/10/2017,10:17:21.721,8
11/10/2017,10:17:21.754,16
11/10/2017,10:17:21.756,19
11/10/2017,10:17:21.813,48
11/10/2017,10:17:21.817,56
11/10/2017,10:17:21.854,62
11/10/2017,10:17:21.856,50
11/10/2017,10:17:21.909,251
11/10/2017,10:17:21.910,247
11/10/2017,10:17:21.952,245
11/10/2017,10:17:21.954,244
11/10/2017,10:17:22.004,248
11/10/2017,10:17:22.006,249
11/10/2017,10:17:22.065,255
11/10/2017,10:17:22.099,255
11/10/2017,10:17:22.153,1
11/10/2017,10:17:22.154,1
11/10/2017,10:17:22.194,252
11/10/2017,10:17:22.200,249
11/10/2017,10:17:22.394,252
11/10/2017,10:17:22.397,248
11/10/2017,10:17:22.404,21
11/10/2017,10:17:22.415,24
11/10/2017,10:17:22.421,253
11/10/2017,10:17:22.423,253
11/10/2017,10:17:22.424,252
11/10/2017,10:17:22.425,10
11/10/2017,10:17:22.437,61
11/10/2017,10:17:22.438,206
11/10/2017,10:17:22.490,251
11/10/2017,10:17:22.492,251
11/10/2017,10:17:22.534,0
11/10/2017,10:17:22.535,1
11/10/2017,10:17:22.587,9
11/10/2017,10:17:22.589,15
11/10/2017,10:17:22.639,35
11/10/2017,10:17:22.643,49
11/10/2017,10:17:22.678,68
11/10/2017,10:17:22.734,56
11/10/2017,10:17:22.753,247
11/10/2017,10:17:22.755,245
11/10/2017,10:17:22.780,236
11/10/2017,10:17:22.781,233
11/10/2017,10:17:22.832,235
11/10/2017,10:17:22.834,239
11/10/2017,10:17:22.876,248
11/10/2017,10:17:22.877,246
11/10/2017,10:17:22.925,249
11/10/2017,10:17:22.927,248
11/10/2017,10:17:22.972,237
11/10/2017,10:17:22.973,236
11/10/2017,10:17:23.026,239
11/10/2017,10:17:23.027,239
11/10/2017,10:17:23.072,244
11/10/2017,10:17:23.073,247
11/10/2017,10:17:23.131,5
11/10/2017,10:17:23.133,250
11/10/2017,10:17:23.187,242
11/10/2017,10:17:23.192,243
11/10/2017,10:17:23.226,15
11/10/2017,10:17:23.270,47
11/10/2017,10:17:23.276,230
11/10/2017,10:17:23.279,243
11/10/2017,10:17:23.317,248
11/10/2017,10:17:23.322,252
11/10/2017,10:17:23.366,0
11/10/2017,10:17:23.369,1
11/10/2017,10:17:23.422,9
11/10/2017,10:17:23.423,17
11/10/2017,10:17:23.463,44
11/10/2017,10:17:23.464,49
11/10/2017,10:17:23.519,16
11/10/2017,10:17:23.521,6
11/10/2017,10:17:23.557,237
11/10/2017,10:17:23.559,235
11/10/2017,10:17:23.618,236
11/10/2017,10:17:23.619,240
11/10/2017,10:17:23.669,251
11/10/2017,10:17:23.670,253
11/10/2017,10:17:23.706,4
11/10/2017,10:17:23.707,4
11/10/2017,10:17:23.764,1
11/10/2017,10:17:23.768,0
11/10/2017,10:17:23.803,2
11/10/2017,10:17:23.805,5
11/10/2017,10:17:23.862,7
11/10/2017,10:17:23.864,11
11/10/2017,10:17:23.909,26
11/10/2017,10:17:23.910,24
11/10/2017,10:17:23.954,3
11/10/2017,10:17:23.956,254
11/10/2017,10:17:24.000,0
11/10/2017,10:17:24.001,255
11/10/2017,10:17:24.045,59
11/10/2017,10:17:24.117,33
11/10/2017,10:17:24.119,251
11/10/2017,10:17:24.158,6
11/10/2017,10:17:24.161,7
11/10/2017,10:17:24.206,13
11/10/2017,10:17:24.210,15
11/10/2017,10:17:24.296,36
11/10/2017,10:17:24.301,43
11/10/2017,10:17:24.302,73
11/10/2017,10:17:24.303,67
11/10/2017,10:17:24.339,15
11/10/2017,10:17:24.342,4
11/10/2017,10:17:24.386,249
11/10/2017,10:17:24.388,246
11/10/2017,10:17:24.439,247
11/10/2017,10:17:24.440,246
11/10/2017,10:17:24.483,254
11/10/2017,10:17:24.485,254
11/10/2017,10:17:24.537,0
11/10/2017,10:17:24.539,1
11/10/2017,10:17:24.578,252
11/10/2017,10:17:24.642,254
11/10/2017,10:17:24.693,253
11/10/2017,10:17:24.694,251
11/10/2017,10:17:24.695,253
11/10/2017,10:17:24.729,4
11/10/2017,10:17:24.730,19
11/10/2017,10:17:24.794,15
11/10/2017,10:17:24.796,8
11/10/2017,10:17:24.830,247
11/10/2017,10:17:24.831,246
11/10/2017,10:17:24.877,24
11/10/2017,10:17:24.879,64
11/10/2017,10:17:24.935,234
11/10/2017,10:17:24.938,242
11/10/2017,10:17:24.980,252
11/10/2017,10:17:24.982,2
11/10/2017,10:17:25.021,11
11/10/2017,10:17:25.022,9
11/10/2017,10:17:25.070,17
11/10/2017,10:17:25.077,24
11/10/2017,10:17:25.120,48
11/10/2017,10:17:25.121,54
11/10/2017,10:17:25.180,30
11/10/2017,10:17:25.183,15
11/10/2017,10:17:25.216,233
11/10/2017,10:17:25.218,230
11/10/2017,10:17:25.267,231
11/10/2017,10:17:25.271,235
11/10/2017,10:17:25.335,239
11/10/2017,10:17:25.336,239
11/10/2017,10:17:25.365,244
11/10/2017,10:17:25.366,242
11/10/2017,10:17:25.458,242
11/10/2017,10:17:25.472,242
11/10/2017,10:17:25.474,246
11/10/2017,10:17:25.476,244
11/10/2017,10:17:25.506,247
11/10/2017,10:17:25.507,250
11/10/2017,10:17:25.562,252
11/10/2017,10:17:25.565,1
11/10/2017,10:17:25.604,26
11/10/2017,10:17:25.607,22
11/10/2017,10:17:25.660,6
11/10/2017,10:17:25.662,2
11/10/2017,10:17:25.703,252
11/10/2017,10:17:25.705,254
11/10/2017,10:17:25.752,63
11/10/2017,10:17:25.753,200
11/10/2017,10:17:25.806,255
11/10/2017,10:17:25.808,254
11/10/2017,10:17:25.847,10
11/10/2017,10:17:25.848,12
11/10/2017,10:17:25.898,17
11/10/2017,10:17:25.899,19
11/10/2017,10:17:25.945,39
11/10/2017,10:17:25.947,48
11/10/2017,10:17:25.994,74
11/10/2017,10:17:25.998,74
11/10/2017,10:17:26.044,18
11/10/2017,10:17:26.044,7
11/10/2017,10:17:26.089,249
11/10/2017,10:17:26.143,247
11/10/2017,10:17:26.145,252
11/10/2017,10:17:26.146,255
11/10/2017,10:17:26.203,8
11/10/2017,10:17:26.204,7
11/10/2017,10:17:26.240,4
11/10/2017,10:17:26.241,7
11/10/2017,10:17:26.295,5
11/10/2017,10:17:26.296,4
11/10/2017,10:17:26.336,6
11/10/2017,10:17:26.345,3
11/10/2017,10:17:26.387,4
11/10/2017,10:17:26.389,9
11/10/2017,10:17:26.440,14
11/10/2017,10:17:26.443,6
11/10/2017,10:17:26.484,33
11/10/2017,10:17:26.485,29
11/10/2017,10:17:26.538,1
11/10/2017,10:17:26.539,255
11/10/2017,10:17:26.586,0
11/10/2017,10:17:26.588,35
11/10/2017,10:17:26.637,182
11/10/2017,10:17:26.680,225
11/10/2017,10:17:26.681,0
11/10/2017,10:17:26.731,8
11/10/2017,10:17:26.732,13
11/10/2017,10:17:26.778,23
11/10/2017,10:17:26.778,28
11/10/2017,10:17:26.830,56
11/10/2017,10:17:26.832,66
11/10/2017,10:17:26.873,71
11/10/2017,10:17:26.875,57
11/10/2017,10:17:26.926,252
11/10/2017,10:17:26.935,247
11/10/2017,10:17:26.985,240
11/10/2017,10:17:26.986,241
11/10/2017,10:17:27.016,250
11/10/2017,10:17:27.019,247
11/10/2017,10:17:27.073,250
11/10/2017,10:17:27.075,251
11/10/2017,10:17:27.126,246
11/10/2017,10:17:27.129,246
11/10/2017,10:17:27.174,245
11/10/2017,10:17:27.175,245
11/10/2017,10:17:27.218,247
11/10/2017,10:17:27.232,247
11/10/2017,10:17:27.263,249
11/10/2017,10:17:27.265,250
11/10/2017,10:17:27.318,250
11/10/2017,10:17:27.319,2
11/10/2017,10:17:27.372,22
11/10/2017,10:17:27.374,13
11/10/2017,10:17:27.408,249
11/10/2017,10:17:27.414,247
11/10/2017,10:17:27.463,25
11/10/2017,10:17:27.464,86
11/10/2017,10:17:27.508,168
11/10/2017,10:17:27.509,216
11/10/2017,10:17:27.562,254
11/10/2017,10:17:27.563,255
11/10/2017,10:17:27.762,4
11/10/2017,10:17:27.765,6
11/10/2017,10:17:27.767,16
11/10/2017,10:17:27.768,20
11/10/2017,10:17:27.768,52
11/10/2017,10:17:27.769,60
11/10/2017,10:17:27.770,48
11/10/2017,10:17:27.770,31
11/10/2017,10:17:27.802,246
11/10/2017,10:17:27.804,243
11/10/2017,10:17:27.864,237
11/10/2017,10:17:27.865,238
11/10/2017,10:17:27.897,241
11/10/2017,10:17:27.898,244
11/10/2017,10:17:27.949,250
11/10/2017,10:17:27.950,249
11/10/2017,10:17:28.001,250
11/10/2017,10:17:28.044,250
11/10/2017,10:17:28.051,251
11/10/2017,10:17:28.093,252
11/10/2017,10:17:28.094,252
11/10/2017,10:17:28.147,253
11/10/2017,10:17:28.150,253
